bm25_time_ms,confidence,config_hash,context_filled,deduped,fallback_used,filter_in,filter_out,filter_pass_rate,gen_time_ms,gold,hard_blocked,id,k_total,key_tokens,merged,model_name,neighbor_added,no_answer,numeric_preservation,overlap_ratio,pred,question,rerank_time_ms,score,snippet_warn_count,sources,total_time_ms,vector_time_ms
12,0.7339852879272322,efeba260aa17,1,74,none,74,0,1.0,7618,"ê³ ì‚° ì •ìˆ˜ì¥ ì‹œìŠ¤í…œ ì‚¬ìš©ì ì„¤ëª…ì„œì˜ ë°œì£¼ê¸°ê´€ì€ í•œêµ­ìˆ˜ìì›ê³µì‚¬ì´ë©°, ì‚¬ì—…ëª…ì€ ê¸ˆê°• ìœ ì—­ ë‚¨ë¶€ ìŠ¤ë§ˆíŠ¸ ì •ìˆ˜ì¥ í™•ëŒ€ êµ¬ì¶• ìš©ì—­ì…ë‹ˆë‹¤.",0,1,7,"['ê³ ì‚°', 'ì •ìˆ˜ì¥', 'ì‹œìŠ¤í…œ', 'ì‚¬ìš©ì', 'ì„¤ëª…ì„œì˜', 'ë°œì£¼ê¸°ê´€ê³¼', 'ì‚¬ì—…ëª…ì€', 'ë¬´ì—‡ì¸ê°€ìš”']",74,llama3:8b-instruct-q4_K_M,0,0,1.0,0.47058823529411764,"æ–‡æ¡£ä¸­æ²¡æœ‰æ˜ç¡®çš„ç›¸å…³ä¿¡æ¯ã€‚æ–‡æ¡£ä»…æä¾›äº†ç³»ç»Ÿä½¿ç”¨è¯´æ˜ä¹¦å’ŒæŠ€æœ¯ä¿¡æ¯ï¼Œæ— æ³•æ‰¾åˆ°ç›¸å…³çš„å‘ì£¼æœºæ„å’Œä¸šåŠ¡åç§°ä¿¡æ¯ã€‚

å› æ­¤ï¼Œæˆ‘ä»¬åªèƒ½å›ç­”â€œë¬¸ì„œì—ì„œ í•´ë‹¹ ì •ë³´ë¥¼ í™•ì¸í•  ìˆ˜ ì—†ìŠµë‹ˆë‹¤.â€",ê³ ì‚° ì •ìˆ˜ì¥ ì‹œìŠ¤í…œ ì‚¬ìš©ì ì„¤ëª…ì„œì˜ ë°œì£¼ê¸°ê´€ê³¼ ì‚¬ì—…ëª…ì€ ë¬´ì—‡ì¸ê°€ìš”?,7,0.0,53,7,8166,38
16,0.6085036875091631,efeba260aa17,1,89,none,89,0,1.0,4621,"ì´ ì‹œìŠ¤í…œ ì‚¬ìš©ì ì„¤ëª…ì„œëŠ” 2025ë…„ 2ì›” 17ì¼ì— ë°œí–‰ë˜ì—ˆê³ , (ì£¼)ì—ì…ˆë¸” ì»¨ì†Œì‹œì—„ì—ì„œ ì‘ì„±í–ˆìŠµë‹ˆë‹¤.",0,2,7,"['ì‹œìŠ¤í…œ', 'ì‚¬ìš©ì', 'ì„¤ëª…ì„œì˜', 'ë°œí–‰ì¼ì€', 'ì–¸ì œì´ë©°', 'ì–´ë–¤', 'ì»¨ì†Œì‹œì—„ì—ì„œ', 'ì‘ì„±í–ˆë‚˜ìš”']",90,llama3:8b-instruct-q4_K_M,0,0,1.0,0.3076923076923077,ë¬¸ì„œì—ì„œ í•´ë‹¹ ì •ë³´ë¥¼ í™•ì¸í•  ìˆ˜ ì—†ìŠµë‹ˆë‹¤.,"ì´ ì‹œìŠ¤í…œ ì‚¬ìš©ì ì„¤ëª…ì„œì˜ ë°œí–‰ì¼ì€ ì–¸ì œì´ë©°, ì–´ë–¤ ì»¨ì†Œì‹œì—„ì—ì„œ ì‘ì„±í–ˆë‚˜ìš”?",10,0.0,44,7,5853,45
16,0.7358444944209175,efeba260aa17,1,90,none,90,0,1.0,5217,ê³ ì‚° ì •ìˆ˜ì¥ì— ëŒ€í•œ ë‹¨ê³„ë³„ ì‹œìš´ì „ ë° ì„±ëŠ¥ ê²€ì¦ ì‹œí—˜ ìš´ì „ ì™„ë£Œì— ë”°ë¼ ì§€ì‚¬ ì¤‘ì‹¬ì˜ AI ììœ¨ ìš´ì˜ê³¼ ì „ ê³µì • ì„ íƒì  ììœ¨ ìš´ì˜ ë“± ì‹œìŠ¤í…œì˜ í™œìš©ì„± ê°•í™” ë° ì•ˆì •ì ì¸ ìš´ì˜ì„ ìœ„í•œ ì „ë°˜ì ì¸ ì •ë³´ë¥¼ ì œê³µí•˜ëŠ” ê²ƒì…ë‹ˆë‹¤.,0,3,7,"['ì‹œìŠ¤í…œ', 'ì‚¬ìš©ì', 'ì„¤ëª…ì„œì˜', 'ì£¼ìš”', 'ëª©ì ì€', 'ë¬´ì—‡ì¸ê°€ìš”']",90,llama3:8b-instruct-q4_K_M,0,0,1.0,0.4533333333333333,ë¬¸ì„œì—ì„œ í•´ë‹¹ ì •ë³´ë¥¼ í™•ì¸í•  ìˆ˜ ì—†ìŠµë‹ˆë‹¤.,ì´ ì‹œìŠ¤í…œ ì‚¬ìš©ì ì„¤ëª…ì„œì˜ ì£¼ìš” ëª©ì ì€ ë¬´ì—‡ì¸ê°€ìš”?,12,0.4347826086956522,86,7,6396,37
12,0.7617318588047153,efeba260aa17,1,72,none,72,0,1.0,15975,AI í”Œë«í¼ ëŒ€ì‹œë³´ë“œ ì£¼ì†ŒëŠ” http://waio-portal-vip:10011 ë˜ëŠ” http://10.103.11.112:10011 ì…ë‹ˆë‹¤.,0,4,7,"['ai', 'í”Œë«í¼', 'ëŒ€ì‹œë³´ë“œì—', 'ì ‘ì†í•˜ê¸°', 'ìœ„í•œ', 'ì£¼ì†Œ', 'url', 'ë¬´ì—‡ì¸ê°€ìš”']",73,llama3:8b-instruct-q4_K_M,0,0,1.0,0.43434343434343436,"[ë‹µë³€]
ê¸ˆê°• ìœ ì—­ë‚¨ë¶€ìŠ¤ë§ˆíŠ¸ ì •ìˆ˜ì¥ í™•ëŒ€ êµ¬ì¶• ìš©ì—­ ë¬¸ì„œì˜ 2.1.1ì ˆì— ë”°ë¥´ë©´, AI í”Œë«í¼ ëŒ€ì‹œë³´ë“œì— ì ‘ì†í•˜ê¸° ìœ„í•œ ì£¼ì†Œ(URL)ëŠ” ë‹¤ìŒê³¼ ê°™ìŠµë‹ˆë‹¤.

* ì›¹ VIP: http://waio-portal-vip:10011
* WEB VIP: http://10.103.11.112:10011
* í”Œë«í¼ #1: http://10.103.11.114:10011
* í”Œë«í¼ #2: http://10.103.11.113:10011

ì´ëŸ¬í•œ ì£¼ì†Œ ì¤‘ í•˜ë‚˜ë¥¼ ì…ë ¥í•˜ì—¬ AI í”Œë«í¼ ëŒ€ì‹œë³´ë“œì— ì ‘ê·¼í•  ìˆ˜ ìˆìŠµë‹ˆë‹¤.",AI í”Œë«í¼ ëŒ€ì‹œë³´ë“œì— ì ‘ì†í•˜ê¸° ìœ„í•œ ì£¼ì†Œ(URL)ëŠ” ë¬´ì—‡ì¸ê°€ìš”?,11,1.0,98,7,16846,45
18,0.8179932153264584,efeba260aa17,1,64,none,64,5,0.921875,6706,ê¸°ë³¸ ê´€ë¦¬ì ê³„ì •ì˜ ì•„ì´ë””ì™€ ë¹„ë°€ë²ˆí˜¸ëŠ” ëª¨ë‘ KWATERì…ë‹ˆë‹¤.,0,5,8,"['ai', 'í”Œë«í¼ì—', 'ë¡œê·¸ì¸í• ', 'ì‚¬ìš©í• ', 'ìˆëŠ”', 'ê¸°ë³¸', 'ê´€ë¦¬ì', 'ê³„ì •ì˜', 'ì•„ì´ë””ì™€', 'ë¹„ë°€ë²ˆí˜¸ëŠ”', 'ë¬´ì—‡ì¸ê°€ìš”']",65,llama3:8b-instruct-q4_K_M,0,0,1.0,0.5850340136054422,ë¬¸ì„œì—ì„œ í•´ë‹¹ ì •ë³´ë¥¼ í™•ì¸í•  ìˆ˜ ì—†ìŠµë‹ˆë‹¤. ê´€ë¦¬ì ì•„ì´ë””ì™€ ë¹„ë°€ë²ˆí˜¸ëŠ” ì§€ì‚¬ê´€ë¦¬ìì—ê²Œ ë¬¸ì˜í•˜ì—¬ ì£¼ì‹œê¸°ë¥¼ ë°”ëë‹ˆë‹¤.,AI í”Œë«í¼ì— ë¡œê·¸ì¸í•  ë•Œ ì‚¬ìš©í•  ìˆ˜ ìˆëŠ” ê¸°ë³¸ ê´€ë¦¬ì ê³„ì •ì˜ ì•„ì´ë””ì™€ ë¹„ë°€ë²ˆí˜¸ëŠ” ë¬´ì—‡ì¸ê°€ìš”?,14,0.4347826086956522,70,8,7499,47
17,0.7139226060099191,efeba260aa17,1,72,none,72,6,0.9166666666666666,6529,"ììœ¨ ìš´ì˜ ëŒ€ì‹œë³´ë“œëŠ” ìƒë‹¨ ì˜ì—­, ì¢Œì¸¡ ì‚¬ì´ë“œë°” ì˜ì—­, ì¤‘ì•™ ì½˜í…ì¸  ì˜ì—­, ìš°ì¸¡ ë©”ë‰´ ì˜ì—­ì˜ 4ê°€ì§€ ì˜ì—­ìœ¼ë¡œ êµ¬ì„±ë©ë‹ˆë‹¤.",0,6,8,"['ai', 'í”Œë«í¼ì˜', 'ììœ¨', 'ìš´ì˜', 'ëŒ€ì‹œë³´ë“œëŠ”', 'í¬ê²Œ', 'ê°€ì§€', 'ì˜ì—­ìœ¼ë¡œ', 'ë‚˜ëˆ„ì–´ì§€ë‚˜ìš”']",73,llama3:8b-instruct-q4_K_M,0,0,1.0,0.6216216216216216,ë¬¸ì„œì—ì„œ í•´ë‹¹ ì •ë³´ë¥¼ í™•ì¸í•  ìˆ˜ ì—†ìŠµë‹ˆë‹¤.,AI í”Œë«í¼ì˜ ììœ¨ ìš´ì˜ ëŒ€ì‹œë³´ë“œëŠ” í¬ê²Œ ëª‡ ê°€ì§€ ì˜ì—­ìœ¼ë¡œ ë‚˜ëˆ„ì–´ì§€ë‚˜ìš”?,17,0.0,91,8,7586,44
21,0.6772220402964158,efeba260aa17,1,68,none,68,6,0.9117647058823529,11622,"ì •ìˆ˜ ìˆ˜ìš”ëŸ‰ê³¼ ì •ìˆ˜ì§€ ìˆ˜ìœ„ë¥¼ ì°¸ê³ í•˜ì—¬ ëª©í‘œ ìˆ˜ìœ„ë¥¼ ê²°ì •í•˜ê³ , ì›ìˆ˜ ìœ ì… ë°¸ë¸Œ ê°œë„ìœ¨ì„ ì˜ˆì¸¡í•˜ëŠ” ë° í™œìš©ë©ë‹ˆë‹¤.",0,7,9,"['ì°©ìˆ˜', 'ê³µì •ì—ì„œ', 'ai', 'ëª¨ë¸ì€', 'ì–´ë–¤', 'ëª©í‘œ', 'ìˆ˜ìœ„ë¥¼', 'ê²°ì •í•˜ê³ ', 'ì›ìˆ˜', 'ìœ ì…', 'ë°¸ë¸Œ', 'ê°œë„ìœ¨ì„', 'ì˜ˆì¸¡í•˜ê¸°', 'ìœ„í•´', 'í™œìš©ë˜ë‚˜ìš”']",70,llama3:8b-instruct-q4_K_M,0,0,1.0,0.4909090909090909,"ë¬¸ì„œì— ë”°ë¥´ë©´, ì°©ìˆ˜ ê³µì •ì—ì„œ AI ëª¨ë¸ì€ ì •ìˆ˜ì§€ ìˆ˜ìœ„ë°´ë“œ ìƒì„±ê³¼ ì˜ˆì¸¡ì„ í†µí•´ ëª©í‘œ ìˆ˜ìœ„ë¥¼ ê²°ì •í•˜ê³  ì›ìˆ˜ ìœ ì… ë°¸ë¸Œ ê°œë„ìœ¨ì„ ì˜ˆì¸¡í•©ë‹ˆë‹¤. Specifically, the AI model uses historical data on water intake flow rate, water level in the settling tank, and valve opening ratio to predict the optimal valve opening ratio and determine the target water level for the next step.",ì°©ìˆ˜ ê³µì •ì—ì„œ AI ëª¨ë¸ì€ ì–´ë–¤ ëª©í‘œ ìˆ˜ìœ„ë¥¼ ê²°ì •í•˜ê³  ì›ìˆ˜ ìœ ì… ë°¸ë¸Œ ê°œë„ìœ¨ì„ ì˜ˆì¸¡í•˜ê¸° ìœ„í•´ í™œìš©ë˜ë‚˜ìš”?,12,1.0,16,9,12536,47
19,0.8240823917712136,efeba260aa17,1,71,none,71,3,0.9577464788732394,4789,"ì œì–´ ì„ê³„ì¹˜ ì„¤ì •, ì±„í„°ë§ ë°©ì§€ ì„¤ì •, ì œì–´ ìŠ¤í… ì„¤ì •, 1ì§€ 2ì§€ êµ°ì§‘ ìœ ëŸ‰ ë¶„ë°° ë“±ì„ ê³ ë ¤í•©ë‹ˆë‹¤.",0,8,8,"['ì°©ìˆ˜', 'ê³µì •ì˜', 'ìœ ì…', 'ë°¸ë¸Œ', 'ê°œë„', 'ì˜ˆì¸¡', 'ì•Œê³ ë¦¬ì¦˜', 'ì„ ì •', 'ê³ ë ¤', 'ì‚¬í•­ì€', 'ë¬´ì—‡ì¸ê°€ìš”']",73,llama3:8b-instruct-q4_K_M,0,0,1.0,0.7350427350427351,ë¬¸ì„œì—ì„œ í•´ë‹¹ ì •ë³´ë¥¼ í™•ì¸í•  ìˆ˜ ì—†ìŠµë‹ˆë‹¤.,ì°©ìˆ˜ ê³µì •ì˜ ìœ ì… ë°¸ë¸Œ ê°œë„ ì˜ˆì¸¡ ì•Œê³ ë¦¬ì¦˜ ì„ ì • ì‹œ ê³ ë ¤ ì‚¬í•­ì€ ë¬´ì—‡ì¸ê°€ìš”?,11,0.0,8,8,5875,44
17,0.6517452354020388,efeba260aa17,1,73,none,73,0,1.0,4008,â€˜ë¶„ì„â€™ ëª¨ë“œì—ì„œëŠ” ì˜ˆì¸¡ê°’ì´ ì‹¤ì œ SCADAì— ì ìš©ë˜ì§€ ì•ŠìŠµë‹ˆë‹¤.,0,9,8,"['ì°©ìˆ˜', 'ê³µì •ì˜', 'ai', 'ìš´ì˜', 'ëª¨ë“œ', 'ë¶„ì„', 'ëª¨ë“œì˜', 'íŠ¹ì§•ì€', 'ë¬´ì—‡ì¸ê°€ìš”']",74,llama3:8b-instruct-q4_K_M,0,0,1.0,0.25742574257425743,ë¬¸ì„œì—ì„œ í•´ë‹¹ ì •ë³´ë¥¼ í™•ì¸í•  ìˆ˜ ì—†ìŠµë‹ˆë‹¤.,ì°©ìˆ˜ ê³µì •ì˜ AI ìš´ì˜ ëª¨ë“œ ì¤‘ 'ë¶„ì„' ëª¨ë“œì˜ íŠ¹ì§•ì€ ë¬´ì—‡ì¸ê°€ìš”?,13,0.0,18,8,5131,52
17,0.7325310169287366,efeba260aa17,1,71,none,71,2,0.971830985915493,7062,"ì›ìˆ˜ ì•Œì¹¼ë¦¬ë„, pH, ì˜¨ë„, ì „ê¸°ì „ë„ë„, íƒë„ ë“±ì´ ì…ë ¥ë³€ìˆ˜ë¡œ ì‚¬ìš©ë©ë‹ˆë‹¤.",0,10,8,"['ì•½í’ˆ', 'ê³µì •', 'ai', 'ëª¨ë¸ì˜', 'ì…ë ¥ë³€ìˆ˜ë¡œ', 'ì‚¬ìš©ë˜ëŠ”', 'ì›ìˆ˜', 'ìˆ˜ì§ˆ', 'ì¸ìë“¤ì€', 'ë¬´ì—‡ì¸ê°€ìš”']",73,llama3:8b-instruct-q4_K_M,0,0,1.0,0.5087719298245614,"ë¬¸ì„œì—ì„œ í™•ì¸í•  ìˆ˜ ìˆìŠµë‹ˆë‹¤. AI ëª¨ë¸ì€ ì›ìˆ˜ ì•Œì¹¼ë¦¬ë„, ì˜¨ë„, ì „ê¸°ì „ë„ë„, íƒë„ë¥¼ ì…ë ¥ë³€ìˆ˜ë¡œ ì‚¬ìš©í•©ë‹ˆë‹¤.",ì•½í’ˆ ê³µì • AI ëª¨ë¸ì˜ ì…ë ¥ë³€ìˆ˜ë¡œ ì‚¬ìš©ë˜ëŠ” ì›ìˆ˜ ìˆ˜ì§ˆ ì¸ìë“¤ì€ ë¬´ì—‡ì¸ê°€ìš”?,17,0.4347826086956522,15,8,8151,46
19,0.7580450659086901,efeba260aa17,1,65,none,65,7,0.8923076923076924,13490,"ìµœì¢… ì„ ì •ëœ ëª¨ë¸ì€ N-beatsì´ë©°, LSTM, GRU, GBR ëª¨ë¸ë“¤ê³¼ ë¹„êµí–ˆì„ ë•Œ RÂ² Scoreê°€ ë” ë†’ì•˜ê¸° ë•Œë¬¸ì…ë‹ˆë‹¤.",0,11,9,"['ì•½í’ˆ', 'ê³µì •ì—ì„œ', 'ì‘ì§‘ì œ', 'ì£¼ì…ë¥ ', 'ì˜ˆì¸¡', 'ëª¨ë¸ë¡œ', 'ìµœì¢…', 'ì„ ì •ëœ', 'ëª¨ë¸ê³¼', 'ì„ ì •', 'ì‚¬ìœ ëŠ”', 'ë¬´ì—‡ì¸ê°€ìš”']",67,llama3:8b-instruct-q4_K_M,0,0,1.0,0.47058823529411764,"ğŸ¤”

ë¬¸ì„œì˜ 2.2.7 ì ˆì— ë‹¤ìŒê³¼ ê°™ì€ ì •ë³´ê°€ ìˆìŠµë‹ˆë‹¤.

""ì•½í’ˆ ê³µì •ì—ì„œ ì‘ì§‘ì œ ì£¼ì…ë¥  ì˜ˆì¸¡ ëª¨ë¸ë¡œ ìµœì¢… ì„ ì •ëœ ëª¨ë¸ì€ N-beatsì´ê³ , ê·¸ ì„ ì • ì‚¬ìœ ëŠ” ëª¨ë¸ê³¼ ë¹„êµí•˜ì—¬ ì„±ëŠ¥í‰ê°€ë¥¼ í•œ í›„ N-beatsì˜ RÂ² Scoreê°€ ë” ì¢‹ê²Œ ë‚˜ì™”ê¸° ë•Œë¬¸ì…ë‹ˆë‹¤.""

ë”°ë¼ì„œ, ì•½í’ˆ ê³µì •ì—ì„œ ì‘ì§‘ì œ ì£¼ì…ë¥  ì˜ˆì¸¡ ëª¨ë¸ë¡œ ìµœç»ˆ ì„ ì •ëœ ëª¨ë¸ì€ N-beatsê³ , ê·¸ ì„ ì • ì‚¬ìœ ëŠ” N-beatsì˜ ë†’ì€ RÂ² Score ë•Œë¬¸ì…ë‹ˆë‹¤.",ì•½í’ˆ ê³µì •ì—ì„œ ì‘ì§‘ì œ ì£¼ì…ë¥  ì˜ˆì¸¡ ëª¨ë¸ë¡œ ìµœì¢… ì„ ì •ëœ ëª¨ë¸ê³¼ ê·¸ ì„ ì • ì‚¬ìœ ëŠ” ë¬´ì—‡ì¸ê°€ìš”?,18,1.0,25,9,14421,46
13,0.6266080242727149,efeba260aa17,1,75,none,75,0,1.0,4569,ì‘ì§‘ì§€ë³„ ê° êµë°˜ê¸°ì˜ íšŒì „ì†ë„ ì„¤ì •ê°’(RPM)ì„ ì‚°ì¶œí•˜ê³  ì ìš©í•˜ëŠ” ê²ƒì´ ëª©í‘œì…ë‹ˆë‹¤.,0,12,7,"['í˜¼í™”ì‘ì§‘', 'ê³µì •', 'aiì˜', 'ëª©í‘œëŠ”', 'ë¬´ì—‡ì´ë©°', 'ì–´ë–¤', 'ê°’ì„', 'ì‚°ì¶œí•˜ëŠ”', 'ê²ƒì¸ê°€ìš”']",77,llama3:8b-instruct-q4_K_M,0,0,1.0,0.18095238095238095,ë¬¸ì„œì—ì„œ í™•ì¸í•  ìˆ˜ ì—†ìŠµë‹ˆë‹¤.,"í˜¼í™”ì‘ì§‘ ê³µì • AIì˜ ëª©í‘œëŠ” ë¬´ì—‡ì´ë©°, ì–´ë–¤ ê°’ì„ ì‚°ì¶œí•˜ëŠ” ê²ƒì¸ê°€ìš”?",12,0.0,83,7,5574,47
13,0.7471400820343623,efeba260aa17,1,74,none,74,0,1.0,10220,"ì›ìˆ˜ íƒë„, ìœ ì… ì´ ìœ ëŸ‰, ì‘ì§‘ì œ ì£¼ì…ë¥ , NaOH ì£¼ì…ë¥ , í™œì„±íƒ„ íˆ¬ì…ë¥ ì´ ì´ˆê¸° ì…ë ¥ë³€ìˆ˜ë¡œ ì‚¬ìš©ë©ë‹ˆë‹¤.",0,13,7,"['ì¹¨ì „', 'ê³µì •', 'ai', 'ëª¨ë¸ì˜', 'ì´ˆê¸°', 'ì…ë ¥ë³€ìˆ˜ëŠ”', 'ë¬´ì—‡ì¸ê°€ìš”']",76,llama3:8b-instruct-q4_K_M,0,0,1.0,0.5466666666666666,"ë¬¸ì„œì—ì„œ ì¹¨ì „ ê³µì • AI ëª¨ë¸ì˜ ì´ˆê¸° ì…ë ¥ë³€ìˆ˜ëŠ” ë‹¤ìŒê³¼ ê°™ìŠµë‹ˆë‹¤.

* ì›ìˆ˜ íƒë„
* ìœ ì… ì´ ìœ ëŸ‰
* ì‘ì§‘ì œ ì£¼ì…ë¥ 
* í™œì„±íƒ„ íˆ¬ì…ë¥ 
* NaOH íˆ¬ì…ë¥ 

ì´ëŸ¬í•œ ì…ë ¥ë³€ìˆ˜ë¥¼ ì‚¬ìš©í•˜ì—¬ ìŠ¬ëŸ¬ì§€ ë°œìƒëŸ‰ íŒ¨í„´ ì˜ˆì¸¡ì„ ìˆ˜í–‰í•˜ê³ , ìµœì¢…ì ìœ¼ë¡œ ìŠ¬ëŸ¬ì§€ ìˆ˜ì§‘ê¸° ìš´ì˜ì˜ ìë™ ìš´ì „ì„ ëª©í‘œë¡œ í•©ë‹ˆë‹¤.",ì¹¨ì „ ê³µì • AI ëª¨ë¸ì˜ ì´ˆê¸° ì…ë ¥ë³€ìˆ˜ëŠ” ë¬´ì—‡ì¸ê°€ìš”?,12,1.0,15,7,11200,43
12,0.7722324541240934,efeba260aa17,1,74,none,74,0,1.0,12080,ìŠ¬ëŸ¬ì§€ ë°œìƒëŸ‰ì€ ì›ìˆ˜ íƒë„(0.72)ì™€ ì‘ì§‘ì œ ì£¼ì…ë¥ (0.7)ê³¼ ê°€ì¥ ë†’ì€ ì–‘ì˜ ìƒê´€ê´€ê³„ë¥¼ ë³´ì…ë‹ˆë‹¤.,0,14,8,"['ìŠ¬ëŸ¬ì§€', 'ë°œìƒëŸ‰ê³¼', 'ê°€ì¥', 'ë†’ì€', 'ì–‘ì˜', 'ìƒê´€ê´€ê³„ë¥¼', 'ë³´ì´ëŠ”', 'ë³€ìˆ˜ëŠ”', 'ë¬´ì—‡ì´ë©°', 'ìƒê´€ê³„ìˆ˜ëŠ”', 'ì–¼ë§ˆì¸ê°€ìš”']",75,llama3:8b-instruct-q4_K_M,0,0,1.0,0.5379310344827586,"ë¬¸ì„œì—ì„œ í•´ë‹¹ ì •ë³´ë¥¼ í™•ì¸í•  ìˆ˜ ìˆìŠµë‹ˆë‹¤.

ìƒê´€ê´€ê³„ ë¶„ì„ ê²°ê³¼, ìŠ¬ëŸ¬ì§€ ë°œìƒëŸ‰ê³¼ ê°€ì¥ ë†’ì€ ì–‘ì˜ ìƒê´€ê´€ê³„ë¥¼ ë³´ì´ëŠ” ë³€ìˆ˜ëŠ” ì›ìˆ˜ íƒë„(ì›ìˆ˜ ì•Œì¹¼ë¦¬ë„)ì™€ ì‘ì§‘ì œ ì£¼ì…ë¥ ì…ë‹ˆë‹¤. ì´ ë‘ ë³€ìˆ˜ä¹‹é—´ì˜ ìƒê´€ê³„ìˆ˜ëŠ” ê°ê° 0.72ì™€ 0.7ì…ë‹ˆë‹¤.

ë”°ë¼ì„œ, ìŠ¬ëŸ¬ì§€ ë°œìƒëŸ‰ì´ ì¦ê°€í•˜ëŠ” ê²½ìš° ì›ìˆ˜ íƒë„ê°€ ë†’ì•„ì§€ê³  ì‘ì§‘ì œ ì£¼ì…ë¥ ì´ ì¦ê°€í•˜ëŠ” ê²½í–¥ì„ ë³´ì´ëŠ” ê²ƒìœ¼ë¡œ ì¶”ì •í•  ìˆ˜ ìˆìŠµë‹ˆë‹¤.","ìŠ¬ëŸ¬ì§€ ë°œìƒëŸ‰ê³¼ ê°€ì¥ ë†’ì€ ì–‘ì˜ ìƒê´€ê´€ê³„ë¥¼ ë³´ì´ëŠ” ë³€ìˆ˜ëŠ” ë¬´ì—‡ì´ë©°, ê·¸ ìƒê´€ê³„ìˆ˜ëŠ” ì–¼ë§ˆì¸ê°€ìš”?",11,1.0,10,8,13029,44
12,0.6281993472506935,efeba260aa17,1,68,none,68,5,0.9264705882352942,3374,"ì—¬ê³¼ ê³µì • ìš´ì˜ ì§€ìˆ˜ ì˜ˆì¸¡, ì—¬ê³¼ì§€ë³„ ìˆ˜ìœ„ ì˜ˆì¸¡, ì—­ì„¸ì²™ ìŠ¤ì¼€ì¤„ ê²°ì •ì„ ëª©í‘œë¡œ í•©ë‹ˆë‹¤.",0,15,7,"['ì—¬ê³¼', 'ê³µì •', 'ai', 'ëª¨ë¸ì˜', 'ëª©í‘œëŠ”', 'ë¬´ì—‡ì¸ê°€ìš”']",70,llama3:8b-instruct-q4_K_M,0,0,1.0,0.31666666666666665,ë¬¸ì„œì—ì„œ í•´ë‹¹ ì •ë³´ë¥¼ í™•ì¸í•  ìˆ˜ ìˆìŠµë‹ˆë‹¤.,ì—¬ê³¼ ê³µì • AI ëª¨ë¸ì˜ ëª©í‘œëŠ” ë¬´ì—‡ì¸ê°€ìš”?,10,0.0,11,7,4063,39
16,0.7630628655884915,efeba260aa17,1,65,none,65,4,0.9384615384615385,10475,"LSTM(Long Short-Term Memory Network)ì´ ì„ ì •ë˜ì—ˆìœ¼ë©°, RÂ² ì„±ëŠ¥ì´ ê°€ì¥ ë†’ê³  ì‹œê³„ì—´ ë°ì´í„° ëª¨ë¸ë§ì— ì í•©í•˜ê¸° ë•Œë¬¸ì…ë‹ˆë‹¤.",0,16,9,"['ì—¬ê³¼', 'ê³µì •ì˜', 'ìš´ì˜', 'ì§€ìˆ˜', 'ì—¬ê³¼ì§€', 'ìˆ˜ìœ„', 'ì˜ˆì¸¡', 'ëª¨ë¸ë¡œ', 'ì„ ì •ëœ', 'ëª¨ë¸ê³¼', 'ì„ ì •', 'ì‚¬ìœ ëŠ”', 'ë¬´ì—‡ì¸ê°€ìš”']",67,llama3:8b-instruct-q4_K_M,0,0,1.0,0.5323741007194245,"ë¬¸ì„œì—ì„œ ì—¬ê³¼ ê³µì •ì˜ ìš´ì˜ ì§€ìˆ˜ ë° ì—¬ê³¼ì§€ ìˆ˜ìœ„ ì˜ˆì¸¡ ëª¨ë¸ë¡œ ì„ ì •ëœ ëª¨ë¸ì€ LSTM(Long Short-Term Memory Network)ì…ë‹ˆë‹¤. ì„ ì • ì‚¬ìœ ëŠ” ëª¨ë¸ ì„±ëŠ¥ì´ ê°€ì¥ ë†’ê³ , í›ˆë ¨ ì•ˆì •ì„±, ìì—°ì–´ ì²˜ë¦¬ ì‘ì—…ê³¼ ì‹œí€€ìŠ¤ ì˜ˆì¸¡ì—ì„œ ë†’ì€ ì„±ëŠ¥ì„ ë³´ì„ ë•Œë¬¸ì…ë‹ˆë‹¤.",ì—¬ê³¼ ê³µì •ì˜ ìš´ì˜ ì§€ìˆ˜ ë° ì—¬ê³¼ì§€ ìˆ˜ìœ„ ì˜ˆì¸¡ ëª¨ë¸ë¡œ ì„ ì •ëœ ëª¨ë¸ê³¼ ì„ ì • ì‚¬ìœ ëŠ” ë¬´ì—‡ì¸ê°€ìš”?,12,1.0,10,9,11169,43
13,0.6347789632016146,efeba260aa17,1,71,none,71,1,0.9859154929577465,3447,"ì²´ë¥˜ì‹œê°„ ë‚´ ì”ë¥˜ì—¼ì†Œ ì˜ˆì¸¡, ì”ë¥˜ì—¼ì†Œ ë†ë„ ìœ ì§€ë¥¼ ìœ„í•œ íˆ¬ì…ëŸ‰ ì˜ˆì¸¡, ì „ì°¨ì—¼ ì£¼ì…ëŸ‰ ê²°ì •ì„ ëª©í‘œë¡œ í•©ë‹ˆë‹¤.",0,17,7,"['ì†Œë…', 'ê³µì •', 'ai', 'ëª¨ë¸ì˜', 'ëª©í‘œëŠ”', 'ë¬´ì—‡ì¸ê°€ìš”']",73,llama3:8b-instruct-q4_K_M,0,0,1.0,0.31666666666666665,ë¬¸ì„œì—ì„œ í•´ë‹¹ ì •ë³´ë¥¼ í™•ì¸í•  ìˆ˜ ì—†ìŠµë‹ˆë‹¤.,ì†Œë… ê³µì • AI ëª¨ë¸ì˜ ëª©í‘œëŠ” ë¬´ì—‡ì¸ê°€ìš”?,10,0.0,17,7,4159,40
15,0.7791927002414084,efeba260aa17,1,67,none,67,5,0.9253731343283582,3793,ì†Œë… ê³µì • ì „ì°¨ì—¼ ì£¼ì…ë¥  ì˜ˆì¸¡ ëª¨ë¸(LSTM)ì˜ RÂ² ê°’ì€ 0.95ì…ë‹ˆë‹¤.,0,18,8,"['ì†Œë…', 'ê³µì •', 'ì „ì°¨ì—¼', 'ì£¼ì…ë¥ ', 'ì˜ˆì¸¡', 'ëª¨ë¸ì˜', 'ì„±ëŠ¥í‰ê°€', 'ê²°ê³¼', 'ê°’ì€', 'ì–¼ë§ˆì¸ê°€ìš”']",69,llama3:8b-instruct-q4_K_M,0,0,1.0,0.5897435897435898,ë¬¸ì„œì—ì„œ í•´ë‹¹ ì •ë³´ë¥¼ í™•ì¸í•  ìˆ˜ ì—†ìŠµë‹ˆë‹¤.,"ì†Œë… ê³µì • ì „ì°¨ì—¼ ì£¼ì…ë¥  ì˜ˆì¸¡ ëª¨ë¸ì˜ ì„±ëŠ¥í‰ê°€ ê²°ê³¼, RÂ² ê°’ì€ ì–¼ë§ˆì¸ê°€ìš”?",10,0.0,26,8,4497,45
15,0.7138968511392983,efeba260aa17,1,67,none,67,3,0.9552238805970149,11288,ë¹„ìƒì‹œì—ëŠ” AI ì¶”ì²œ ëª¨ë“œ ë“±ìœ¼ë¡œ ìš´ì˜ ëª¨ë“œë¥¼ ë³€ê²½í•  ìˆ˜ ìˆìŠµë‹ˆë‹¤.,0,19,9,"['ì°©ìˆ˜', 'ê³µì •ì—ì„œ', 'ai', 'ì œì–´', 'ì•ŒëŒ', 'ë°œìƒ', 'ë¹„ìƒì‹œì—', 'ìš´ì˜', 'ëª¨ë“œë¥¼', 'ì–´ë–»ê²Œ', 'ë³€ê²½í• ', 'ìˆë‚˜ìš”']",68,llama3:8b-instruct-q4_K_M,0,0,1.0,0.5259259259259259,"ë¬¸ì„œì—ì„œ í•´ë‹¹ ì •ë³´ë¥¼ í™•ì¸í•  ìˆ˜ ìˆìŠµë‹ˆë‹¤. 

AI ì œì–´ ì•ŒëŒ ë°œìƒ ì‹œ, ë‹¤ìŒ ë°©ë²•ìœ¼ë¡œ ë¹„ìƒì‹œì— ìš´ì˜ ëª¨ë“œë¥¼ ë³€ê²½í•  ìˆ˜ ìˆìŠµë‹ˆë‹¤.

1. SCADA 
ì¦ìƒ
Â­  
ì—°ê³„ ê²½ë³´ ì•ŒëŒ ë°œìƒ
SCADA 
ì›ì¸
ì •ìˆ˜ì§€ ìˆ˜ìœ„ 
ê²½ë³´ 
ë¶„ ì´ìƒ ì§€ì†
- 
HH 
10
...

ìš´ì˜ ëª¨ë“œ ë³€ê²½ ìš”ì²­ ì•ŒëŒì…ë‹ˆë‹¤.
ìš´ì „ëª¨ë“œ ë³€ê²½ìš”ì²­ ì™„ë£Œ ì•ŒëŒì…ë‹ˆë‹¤.

ì´ëŸ¬í•œ ë°©ë²•ìœ¼ë¡œ AI ì œì–´ ì•ŒëŒ ë°œìƒ ì‹œ ë¹„ìƒì‹œì— ìš´ì˜ ëª¨ë“œë¥¼ ë³€ê²½í•  ìˆ˜ ìˆìŠµë‹ˆë‹¤.",ì°©ìˆ˜ ê³µì •ì—ì„œ AI ì œì–´ ì•ŒëŒ ë°œìƒ ì‹œ ë¹„ìƒì‹œì— ìš´ì˜ ëª¨ë“œë¥¼ ì–´ë–»ê²Œ ë³€ê²½í•  ìˆ˜ ìˆë‚˜ìš”?,12,1.0,29,9,11993,46
15,0.7480714222954667,efeba260aa17,1,70,none,70,0,1.0,6409,"ì „ë ¥ ì†Œë¹„í˜„í™©ì€ kWh, íƒ„ì†Œ ì ˆê° í˜„í™©ì€ kg ë‹¨ìœ„ë¡œ í‘œì‹œë©ë‹ˆë‹¤.",0,20,8,"['ems', 'ëŒ€ì‹œë³´ë“œì—ì„œ', 'ì „ë ¥', 'ì†Œë¹„í˜„í™©ê³¼', 'íƒ„ì†Œ', 'ì ˆê°', 'í˜„í™©ì€', 'ì–´ë–¤', 'ë‹¨ìœ„ë¡œ', 'í‘œì‹œë˜ë‚˜ìš”']",70,llama3:8b-instruct-q4_K_M,0,0,1.0,0.475,"ëŒ€ì‹œë³´ë“œì—ì„œëŠ” ì „ë ¥ ì†Œë¹„í˜„í™©ì„ kWh, íƒ„ì†Œ ì ˆê° í˜„í™©ì„ kgCO2e ë‹¨ìœ„ë¡œ í‘œì‹œë©ë‹ˆë‹¤.",EMS ëŒ€ì‹œë³´ë“œì—ì„œ ì „ë ¥ ì†Œë¹„í˜„í™©ê³¼ íƒ„ì†Œ ì ˆê° í˜„í™©ì€ ì–´ë–¤ ë‹¨ìœ„ë¡œ í‘œì‹œë˜ë‚˜ìš”?,11,1.0,53,8,7241,44
15,0.6843070741448752,efeba260aa17,1,68,none,68,2,0.9705882352941176,4661,"ìë™ ëª¨ë“œëŠ” AI ì•Œê³ ë¦¬ì¦˜ì´ ë¶„ì„í•œ ìµœì  íŒí”„ì œì–´ ìš´ì „ìœ¼ë¡œ ê°€ë™í•˜ë©°, ë¶€ë¶„ ëª¨ë“œëŠ” AI ìµœì  ìš´ì˜ ê²°ê³¼ ë³€ê²½ ì‹œ ì‚¬ìš©ì í™•ì¸ í›„ ê³„ì† ê°€ë™í• ì§€ë¥¼ ë¬»ê³  ë™ì‘í•©ë‹ˆë‹¤.",0,21,8,"['emsì˜', 'ì†¡ìˆ˜', 'íŒí”„', 'ì„¸ë¶€', 'í˜„í™©ì—ì„œ', 'ìë™', 'ëª¨ë“œ', 'ë¶€ë¶„', 'ì°¨ì´ì ì€', 'ë¬´ì—‡ì¸ê°€ìš”']",69,llama3:8b-instruct-q4_K_M,0,0,1.0,0.30303030303030304,ë¬¸ì„œì—ì„œ í•´ë‹¹ ì •ë³´ë¥¼ í™•ì¸í•  ìˆ˜ ì—†ìŠµë‹ˆë‹¤.,EMSì˜ ì†¡ìˆ˜ íŒí”„ ì„¸ë¶€ í˜„í™©ì—ì„œ 'ìë™ ëª¨ë“œ'ì™€ 'ë¶€ë¶„ ëª¨ë“œ'ì˜ ì°¨ì´ì ì€ ë¬´ì—‡ì¸ê°€ìš”?,11,0.4347826086956522,103,8,5348,45
14,0.7116672291796575,efeba260aa17,1,75,none,75,0,1.0,3528,íŒí”„ì˜ ì„¸ë¶€ ì§„ë™ ê°’ê³¼ ì˜¨ë„ë¥¼ í‘œì‹œí•©ë‹ˆë‹¤.,0,22,8,"['pms', 'ëŒ€ì‹œë³´ë“œì—ì„œ', 'íŒí”„', 'ëª¨í„°ì˜', 'ììœ¨', 'ì§„ë‹¨', 'ê¸°ëŠ¥ì€', 'ì–´ë–¤', 'ì •ë³´ë¥¼', 'í‘œì‹œí•˜ë‚˜ìš”']",76,llama3:8b-instruct-q4_K_M,0,0,1.0,0.47368421052631576,ë¬¸ì„œì—ì„œ í•´ë‹¹ ì •ë³´ë¥¼ í™•ì¸í•  ìˆ˜ ì—†ìŠµë‹ˆë‹¤.,PMS ëŒ€ì‹œë³´ë“œì—ì„œ íŒí”„ ëª¨í„°ì˜ ììœ¨ ì§„ë‹¨ ê¸°ëŠ¥ì€ ì–´ë–¤ ì •ë³´ë¥¼ í‘œì‹œí•˜ë‚˜ìš”?,10,0.0,48,8,4281,41
18,0.8354351784896517,efeba260aa17,1,72,none,72,0,1.0,6907,"íŒí”„ì˜ ë¶€í•˜/ë°˜ë¶€í•˜, ì´ ì§„ë™ëŸ‰, ë² ì–´ë§ ê²°í•¨, ì„í ëŸ¬ ê²°í•¨, ìºë¹„í…Œì´ì…˜ ë°œìƒê³¼ ëª¨í„°ì˜ íšŒì „ì ê²°í•¨, ê¶Œì„  ì˜¨ë„, ì¶• ì •ë ¬ ë¶ˆëŸ‰, ì§ˆëŸ‰ ë¶ˆí‰í˜•, ë² ì–´ë§ ì˜¨ë„ ë“±ì„ í™•ì¸í•  ìˆ˜ ìˆìŠµë‹ˆë‹¤.",0,23,9,"['pms', 'ì†¡ìˆ˜', 'íŒí”„', 'ëª¨í„°', 'ìƒì„¸', 'ì •ë³´', 'í™”ë©´ì—ì„œ', 'ì„ íƒí•œ', 'íŒí”„ë³„ë¡œ', 'í™•ì¸í• ', 'ìˆëŠ”', 'ëª¨í„°ì˜', 'ê²°í•¨', 'ì •ë³´ëŠ”', 'ë¬´ì—‡ì¸ê°€ìš”']",74,llama3:8b-instruct-q4_K_M,0,0,1.0,0.5536723163841808,"ë¬¸ì„œì—ì„œëŠ” PMS > ì†¡ìˆ˜ íŒí”„ ëª¨í„° ì •ë³´ > ì„ íƒí•œ íŒí”„ë³„ íŒí”„ ë¶€í•˜ë°˜ë¶€í•˜ ì´ ì§„ë™ëŸ‰ > ë² ì–´ë§ ê²°í•¨, íšŒì „ì ê²°í•¨, ìºë¹„í…Œì´ì…˜ ë°œìƒ ë“±ìœ¼ë¡œ í™•ì¸í•  ìˆ˜ ìˆìŠµë‹ˆë‹¤.",PMS ì†¡ìˆ˜ íŒí”„ ëª¨í„° ìƒì„¸ ì •ë³´ í™”ë©´ì—ì„œ ì„ íƒí•œ íŒí”„ë³„ë¡œ í™•ì¸í•  ìˆ˜ ìˆëŠ” íŒí”„ ë° ëª¨í„°ì˜ ê²°í•¨ ì •ë³´ëŠ” ë¬´ì—‡ì¸ê°€ìš”?,11,0.4347826086956522,47,9,7659,46
16,0.7905866009358136,efeba260aa17,1,68,none,68,4,0.9411764705882353,13750,"ìµœì†Œ OSëŠ” Windows 7Â·32bit ë˜ëŠ” Windows Server 2008 Std 32bit ì´ìƒì´ë©°, ê¶Œì¥ OSëŠ” Windows 10Â·64bit ë˜ëŠ” Windows Server 2016 Std 64bit ì´ìƒì…ë‹ˆë‹¤.",0,24,9,"['irdc', 'iwater', 'real-time', 'data', 'center', 'í”„ë¡œê·¸ë¨ì˜', 'ì‹œìŠ¤í…œ', 'ìš”êµ¬ì‚¬í•­', 'ìµœì†Œ', 'osì™€', 'ê¶Œì¥', 'osëŠ”', 'ë¬´ì—‡ì¸ê°€ìš”']",69,llama3:8b-instruct-q4_K_M,0,0,0.0,0.6585365853658537,"I'm happy to help you with your question! ğŸ˜Š

According to the provided documentation, the system requirements for iRDC (iWater Real-time Data Center) are as follows:

* Minimum Operating System: Windows 10 or later
* Recommended Operating System: Windows 10 Enterprise or later

Please note that these requirements may be subject to change, and it's always a good idea to check with the vendor or documentation for any updates. Additionally, the recommended operating system is specified to ensure optimal performance and compatibility.",iRDC(iWater Real-time Data Center) í”„ë¡œê·¸ë¨ì˜ ì‹œìŠ¤í…œ ìš”êµ¬ì‚¬í•­ ì¤‘ ìµœì†Œ OSì™€ ê¶Œì¥ OSëŠ” ë¬´ì—‡ì¸ê°€ìš”?,17,0.7368421052631579,160,9,14824,44
12,0.7528495118027595,efeba260aa17,1,78,none,78,0,1.0,6646,iWater SCADA ì‹œìŠ¤í…œì˜ ì´ì¤‘í™” êµ¬ì„±ì„ ê¸°ë°˜ìœ¼ë¡œ Active-Standby êµ¬ì¡°ë¡œ ë…ë¦½ì ìœ¼ë¡œ êµ¬ì„±ë©ë‹ˆë‹¤.,0,25,7,"['irdc', 'í”„ë¡œê·¸ë¨ì˜', 'ì´ì¤‘í™”', 'êµ¬ì„±ì€', 'ì–´ë–¤', 'êµ¬ì¡°ë¡œ', 'ì´ë£¨ì–´ì ¸', 'ìˆë‚˜ìš”']",78,llama3:8b-instruct-q4_K_M,0,0,1.0,0.5,"iRDC í”„ë¡œê·¸ë¨ì˜ ì´ì¤‘í™” êµ¬ì„±ì€ Active-Standby êµ¬ì¡°ë¡œ ì´ë£¨ì–´ì ¸ ìˆìŠµë‹ˆë‹¤..Active ìƒíƒœì—ì„œëŠ” ì£¼ í”„ë¡œê·¸ë¨ì´ ì‹¤í–‰ë˜ê³ , Standby ìƒíƒœì—ì„œëŠ” ë³´ì¡° í”„ë¡œê·¸ë¨ì´ ëŒ€ê¸°í•˜ê³  ìˆëŠ” êµ¬ì¡°ì…ë‹ˆë‹¤.",iRDC í”„ë¡œê·¸ë¨ì˜ ì´ì¤‘í™” êµ¬ì„±ì€ ì–´ë–¤ êµ¬ì¡°ë¡œ ì´ë£¨ì–´ì ¸ ìˆë‚˜ìš”?,13,1.0,57,7,7790,42
14,0.6412636439049466,efeba260aa17,1,66,none,66,6,0.9090909090909091,7935,"Docker ì»¨í…Œì´ë„ˆì˜ ì„œë¹„ìŠ¤ ìƒíƒœ í™•ì¸ ëª…ë ¹ì–´ëŠ” `docker ps -a`ì´ë©°, ì„±ê³µì ìœ¼ë¡œ ì‹¤í–‰ ì¤‘ì´ë©´ ""Up"", ì‹¤íŒ¨ ì‹œ ""Exited"" ë“±ìœ¼ë¡œ í‘œì‹œë©ë‹ˆë‹¤.",0,26,8,"['ai', 'í”Œë«í¼', 'ì„œë²„ì—ì„œ', 'docker', 'ì»¨í…Œì´ë„ˆì˜', 'ì„œë¹„ìŠ¤', 'ìƒíƒœë¥¼', 'í™•ì¸í•˜ëŠ”', 'ëª…ë ¹ì–´ëŠ”', 'ë¬´ì—‡ì¸ê°€ìš”']",67,llama3:8b-instruct-q4_K_M,0,0,1.0,0.34057971014492755,"ë¬¸ì„œì—ì„œ í•´ë‹¹ ì •ë³´ë¥¼ í™•ì¸í•  ìˆ˜ ì—†ìŠµë‹ˆë‹¤. 

(There is no information about the command to check the service status of a Docker container on an AI platform server in the document.)",AI í”Œë«í¼ ì„œë²„ì—ì„œ Docker ì»¨í…Œì´ë„ˆì˜ ì„œë¹„ìŠ¤ ìƒíƒœë¥¼ í™•ì¸í•˜ëŠ” ëª…ë ¹ì–´ëŠ” ë¬´ì—‡ì¸ê°€ìš”?,14,1.0,25,8,8806,42
17,0.7831245410568229,efeba260aa17,1,69,none,69,4,0.9420289855072463,26472,"ë°˜ë“œì‹œ AI í”Œë«í¼ ì„œë²„ #2 MariaDBë¶€í„°, ê·¸ ë‹¤ìŒ AI í”Œë«í¼ ì„œë²„ #1 MariaDB ìˆœì„œë¡œ ì¬ê¸°ë™í•´ì•¼ í•©ë‹ˆë‹¤.",0,27,9,"['ai', 'í”Œë«í¼', 'ì„œë²„ì—ì„œ', 'mariadb', 'ì¬ì‹œì‘', 'ê°ˆë ˆë¼', 'í´ëŸ¬ìŠ¤í„°', 'ë™ê¸°í™”', 'ì¥ì• ', 'ë°œìƒ', 'ì¬ê¸°ë™', 'ìˆœì„œëŠ”', 'ì–´ë–»ê²Œ', 'ë˜ë‚˜ìš”']",70,llama3:8b-instruct-q4_K_M,0,0,0.4,0.6722222222222223,"According to the provided documentation, if a Galera cluster synchronization error occurs after restarting MariaDB on the AI platform server, the following restart sequence should be followed:

1. Restart the MariaDB container:
```
docker restart DGSWGC_AOS_MARIADB1_001
docker restart DGSWGC_AOS_MARIADB2_001
```
2. Check the Galera cluster synchronization status:
```
docker exec -it DGSWGC_AOS_MARIADB1_001 mysql -e ""SHOW GLOBAL VARIABLES LIKE 'wsrep_cluster_status'""
docker exec -it DGSWGC_AOS_MARIADB2_001 mysql -e ""SHOW GLOBAL VARIABLES LIKE 'wsrep_cluster_status'""
```
3. If the synchronization is still not successful, restart the Galera cluster:
```
docker exec -it DGSWGC_AOS_ZOOKEEPER_001 zkctl restart
docker exec -it DGSWGC_AOS_KAFKA_001 kafka-server-start.sh
```
4. Wait for the Galera cluster to recover and synchronize.
5. Once the synchronization is successful, restart the AOS_API container:
```
docker restart DGSWGC_AOS_API_001
```

Please note that this is just a suggested solution based on the provided documentation, and you may need to adjust it according to your specific environment and requirements.",AI í”Œë«í¼ ì„œë²„ì—ì„œ MariaDB ì¬ì‹œì‘ í›„ ê°ˆë ˆë¼ í´ëŸ¬ìŠ¤í„° ë™ê¸°í™” ì¥ì•  ë°œìƒ ì‹œ ì¬ê¸°ë™ ìˆœì„œëŠ” ì–´ë–»ê²Œ ë˜ë‚˜ìš”?,19,0.7368421052631579,48,9,27518,48
10,0.7791330911737606,efeba260aa17,1,79,none,79,0,1.0,16626,"ì •ìˆ˜ì¥ ì„¼ì„œì˜ ì‹¤ì‹œê°„ ì—ë„ˆì§€ ë°ì´í„°ë¥¼ í™œìš©í•´ ì¼ì¼Â·ì›”ë³„Â·ì—°ê°„ ë‹¨ìœ„ë¡œ íƒ„ì†Œ ë°°ì¶œëŸ‰/ì ˆê°ëŸ‰ì„ ë¶„ì„í•˜ê³ , ê²°ê³¼ë¥¼ ì‹œê°í™”í•´ ì œê³µí•©ë‹ˆë‹¤.",0,28,7,"['íƒ„ì†Œì¤‘ë¦½', 'ëª¨ë‹ˆí„°ë§', 'ì‹œìŠ¤í…œì˜', 'ì£¼ìš”', 'ê¸°ëŠ¥ì€', 'ë¬´ì—‡ì¸ê°€ìš”']",80,llama3:8b-instruct-q4_K_M,0,0,1.0,0.68,"íƒ„ì†Œì¤‘ë¦½ ëª¨ë‹ˆí„°ë§ ì‹œìŠ¤í…œì˜ ì£¼ìš” ê¸°ëŠ¥ì€ ë‹¤ìŒê³¼ ê°™ìŠµë‹ˆë‹¤.

- ì •ìˆ˜ì¥ì—ì„œ ë°œìƒí•˜ëŠ” ì—ë„ˆì§€ ì†Œë¹„ì™€ íƒ„ì†Œ ë°°ì¶œì„ ì‹¤ì‹œê°„ìœ¼ë¡œ ëª¨ë‹ˆí„°ë§í•˜ì—¬ ë°°ì¶œ í˜„í™©ì„ íŒŒì•…í•˜ê³  ë¶„ì„í•  ìˆ˜ ìˆìŠµë‹ˆë‹¤.
- ì¼ì¼, ì›”ë³„, ì—°ê°„ ë“±ì˜ ë‹¨ìœ„ë¡œ íƒ„ì†Œ ë°°ì¶œëŸ‰ì ˆê°ëŸ‰ì„ ë¶„ì„í•˜ê³  ê²°ê³¼ë¥¼ ì‹œê°í™”í•˜ì—¬ ì‚¬ìš©ìì—ê²Œ ì œê³µí•©ë‹ˆë‹¤.
- ìš´ì˜ ì²´ì œ ë° ì„œë²„ ì†Œí”„íŠ¸ì›¨ì–´ ì •ë³´ë¥¼ í™•ì¸í•˜ê³ , ë„¤íŠ¸ì›Œí¬ í†µì‹  ì„¤ì •ì„ í™•ì¸í•  ìˆ˜ ìˆìŠµë‹ˆë‹¤.

ë”°ë¼ì„œ, íƒ„ì†Œì¤‘ë¦½ ëª¨ë‹ˆí„°ë§ ì‹œìŠ¤í…œì€ ì •ìˆ˜ì¥ì—ì„œ ë°œìƒí•˜ëŠ” ì—ë„ˆì§€ ì†Œë¹„ì™€ íƒ„ì†Œ ë°°ì¶œì„ ëª¨ë‹ˆí„°ë§í•˜ì—¬ ì´ë¥¼ ë¶„ì„í•˜ê³  ì‹œê°í™”í•˜ëŠ” ê²ƒì„ ì£¼ìš” ê¸°ëŠ¥ìœ¼ë¡œ í•˜ëŠ” ê²ƒì…ë‹ˆë‹¤.",íƒ„ì†Œì¤‘ë¦½ ëª¨ë‹ˆí„°ë§ ì‹œìŠ¤í…œì˜ ì£¼ìš” ê¸°ëŠ¥ì€ ë¬´ì—‡ì¸ê°€ìš”?,11,0.4347826086956522,105,7,17635,37
14,0.7017678684932497,efeba260aa17,1,84,none,84,0,1.0,22191,"ì˜¤ëŠ˜ íƒ„ì†Œì €ê°ëŸ‰ì€ ì „ë ¥ ì ˆê°ëŸ‰ì— ì „ë ¥ íƒ„ì†Œ ê³„ìˆ˜(0.4663)ë¥¼ ê³±í•œ ê°’, ì˜¤ëŠ˜ íƒ„ì†Œë°°ì¶œëŸ‰ì€ ì „ë ¥ ì‚¬ìš©ëŸ‰ì— ì „ë ¥ íƒ„ì†Œ ê³„ìˆ˜(0.4663)ë¥¼ ê³±í•œ ê°’ìœ¼ë¡œ ê³„ì‚°ë©ë‹ˆë‹¤.",0,29,8,"['íƒ„ì†Œì¤‘ë¦½', 'ëª¨ë‹ˆí„°ë§ì—ì„œ', 'ì˜¤ëŠ˜', 'íƒ„ì†Œì €ê°ëŸ‰', 'íƒ„ì†Œë°°ì¶œëŸ‰', 'ê°ê°', 'ì–´ë–»ê²Œ', 'ê³„ì‚°ë˜ë‚˜ìš”']",86,llama3:8b-instruct-q4_K_M,0,0,1.0,0.3492063492063492,"ğŸ¤”

According to the provided document, ""íƒ„ì†Œì¤‘ë¦½ ëª¨ë‹ˆí„°ë§"" (Carbon Neutrality Monitoring), ""ì˜¤ëŠ˜ íƒ„ì†Œì €ê°ëŸ‰"" (Today's Carbon Emission Reduction) and ""ì˜¤ëŠ˜ íƒ„ì†Œë°°ì¶œëŸ‰"" (Today's Carbon Emissions) are calculated as follows:

**ì˜¤ëŠ˜ íƒ„ì†Œì €ê°ëŸ‰ (Today's Carbon Emission Reduction)**

* Formula: `(ì´ ì—ë„ˆì§€ ì†Œë¹„ëŸ‰ - íƒœì–‘ê´‘ ì—ë„ˆì§€ ì†Œë¹„ëŸ‰) x ì—ë„ˆì§€ ì†Œë¹„ë¥ `

In English, this means ""Total Energy Consumption minus Solar Energy Consumption"" multiplied by the energy consumption rate.

**ì˜¤ëŠ˜ íƒ„ì†Œë°°ì¶œëŸ‰ (Today's Carbon Emissions)**

* Formula: `(ì´ ì—ë„ˆì§€ ì†Œë¹„ëŸ‰ / íƒœì–‘ê´‘ ì—ë„ˆì§€ ì†Œë¹„ëŸ‰) x ì—ë„ˆì§€ ì†Œë¹„ë¥ `

In English, this means ""Total Energy Consumption divided by Solar Energy Consumption"" multiplied by the energy consumption rate.

These formulas are used to calculate the carbon emission reduction and carbon emissions for today's data.",íƒ„ì†Œì¤‘ë¦½ ëª¨ë‹ˆí„°ë§ì—ì„œ 'ì˜¤ëŠ˜ íƒ„ì†Œì €ê°ëŸ‰'ê³¼ 'ì˜¤ëŠ˜ íƒ„ì†Œë°°ì¶œëŸ‰'ì€ ê°ê° ì–´ë–»ê²Œ ê³„ì‚°ë˜ë‚˜ìš”?,13,0.4,110,8,23397,45
14,0.7611868576574875,efeba260aa17,1,67,none,67,5,0.9253731343283582,5464,"'Nan' í‘œì‹œëŠ” SCADAì—ì„œ ë°ì´í„°ë¥¼ ì½ì–´ì˜¤ì§€ ëª»í•˜ê±°ë‚˜ ë””ìŠ¤í¬ ìš©ëŸ‰ì´ ì´ˆê³¼í•œ ê²½ìš° ë°œìƒí•©ë‹ˆë‹¤. í•´ê²°ì„ ìœ„í•´ SCADA ì„œë²„(SCADA, iRDC, Kafka)ì˜ ì •ìƒ ë™ì‘ì„ ì ê²€í•˜ê³ , ì •ìƒì´ë¼ë©´ AI í”Œë«í¼ ì„œë²„ì˜ ê´€ë ¨ ì„œë¹„ìŠ¤(SCADA, iRDC, Kafka)ë¥¼ ì ê²€ ë° ì¡°ì¹˜í•´ì•¼ í•©ë‹ˆë‹¤.",0,30,8,"['ai', 'í”Œë«í¼', 'í™”ë©´ì—', 'nan', 'í‘œì‹œë˜ëŠ”', 'ì¦ìƒì˜', 'ì›ì¸ê³¼', 'í•´ê²°', 'ë°©ë²•ì€', 'ë¬´ì—‡ì¸ê°€ìš”']",68,llama3:8b-instruct-q4_K_M,0,0,1.0,0.3902439024390244,ë¬¸ì„œì—ì„œ í•´ë‹¹ ì •ë³´ë¥¼ í™•ì¸í•  ìˆ˜ ì—†ìŠµë‹ˆë‹¤.,AI í”Œë«í¼ í™”ë©´ì— 'Nan'ì´ í‘œì‹œë˜ëŠ” ì¦ìƒì˜ ì›ì¸ê³¼ í•´ê²° ë°©ë²•ì€ ë¬´ì—‡ì¸ê°€ìš”?,12,0.0,82,8,6236,46
